,state_name,state_initial,state_num,year,poverty_rate,unemploy_rate,justice_rate,violent_rate,property_rate,welfare_povcap,welfare_percap
0,Alabama,AL,1,2010,19.0,7.0,2.140814477340314,0.37731141377475036,3.5125736688206324,6.634749069773675,1.2606023232569983
1,Alaska,AK,2,2010,9.9,6.6,1.7897213934529563,0.6355142805115491,2.8377526578980543,25.466003198490487,2.521134316650558
2,Arizona,AZ,3,2010,17.4,7.2,2.2992760050768104,0.4071218940275055,3.5256272189977107,8.262792411988949,1.4377258796860768
3,Arkansas,AR,4,2010,18.8,5.8,2.0867913293935176,0.5042841048007436,3.55154957419051,7.810438167251949,1.4683623754433661
4,California,CA,5,2010,15.8,8.2,1.9136998843124968,0.4398049041490425,2.631168550962979,10.828263769232642,1.7108656755387572
5,Colorado,CO,6,2010,13.4,6.8,2.4370559337188693,0.3196331381087379,2.674512897760785,6.527443135414165,0.8746773801454981
6,Connecticut,CT,7,2010,10.1,7.1,2.1128133945998924,0.2809913291389992,2.1900950905726946,16.679688031869077,1.6846484912187765
7,Delaware,DE,8,2010,11.8,5.9,2.601509793873452,0.6197246977244154,3.441889832401986,15.605023039891844,1.8413927187072376
8,Florida,FL,10,2010,16.5,8.0,2.34654217229257,0.541077709804714,3.550097829528551,6.7149672432451055,1.1079695951354425
9,Georgia,GA,11,2010,17.9,8.0,5.918862036097848,0.40231135451515526,3.631418053825001,5.686787372563242,1.0179349396888204
10,Hawaii,HI,12,2010,10.7,5.1,2.0221223009715072,0.2620305682778785,3.3052949383524335,13.43351867309197,1.4373864980208408
11,Idaho,ID,13,2010,15.7,6.4,4.133438194335684,0.22059581880202145,1.9917924349321916,7.23737005454368,1.1362670985633578
12,Illinois,IL,14,2010,13.8,7.6,1.8379270866569635,0.4348349904984252,2.678937110173955,10.214209439966778,1.4095609027154155
13,Indiana,IN,15,2010,15.3,6.9,2.8496277150735114,0.31413933617977974,3.03924299646002,8.053040601658049,1.2321152120536816
14,Iowa,IA,16,2010,12.6,4.6,1.2553797023350033,0.27314639538866736,2.2392890916808845,12.128486856463137,1.5281893439143552
15,Kansas,KS,17,2010,13.6,5.3,1.3016838803578488,0.36844996308852807,3.1143835784185097,8.59751481964213,1.1692620154713298
16,Kentucky,KY,18,2010,19.0,6.6,2.3986844820857276,0.2421242353986644,2.546099161925412,8.704403301663747,1.6538366273161123
17,Louisiana,LA,19,2010,18.7,6.2,2.873394851219003,0.5476031415336057,3.638592488731513,7.573754816336347,1.4162921506548969
18,Maine,ME,20,2010,12.9,5.3,0.8707521604303612,0.1220973630434406,2.4806628960349615,16.980594904569077,2.190496742689411
19,Maryland,MD,21,2010,9.9,6.1,2.238906918631217,0.5462418234319085,2.98949063209093,15.30699805874739,1.5153928078159915
20,Massachusetts,MA,22,2010,11.4,6.9,1.540634525616911,0.4652995968662446,2.343859341331436,18.398473649768352,2.097425996073592
21,Michigan,MI,23,2010,16.8,9.4,2.590848958897536,0.49060947546497047,2.715269334073061,8.719807131843666,1.464927598149736
22,Minnesota,MN,24,2010,11.6,5.9,2.5454145022207464,0.23565063677452933,2.5689214563152865,17.412438421511936,2.019842856895384
23,Mississippi,MS,25,2010,22.4,7.2,2.0603870969262235,0.269411569851758,2.9817393962326144,7.787318258641648,1.744359289935729
24,Missouri,MO,26,2010,15.3,6.4,1.8291755718086837,0.4545049728367735,3.3424761348197976,7.986872263184021,1.2219914562671552
25,Montana,MT,27,2010,14.6,4.8,1.5787212033548097,0.27182882354544324,2.5405345933216714,9.027254521415468,1.3179791601266584
26,Nebraska,NE,28,2010,12.9,4.6,1.3647855310236112,0.27897692427940984,2.668482057258046,9.665107950641504,1.246798925632754
27,Nevada,NV,29,2010,14.9,9.3,1.3458381330703577,0.6601897198976467,2.7727894227549164,4.825160149108545,0.7189488622171732
28,New Hampshire,NH,30,2010,8.3,5.4,0.8800657673900067,0.16692462267289002,2.1858164193681167,17.470429424878184,1.450045642264889
29,New Jersey,NJ,31,2010,10.3,7.2,1.945595070416933,0.30746253798250484,2.080153682402279,15.232974651367558,1.5689963890908587
30,New Mexico,NM,32,2010,20.4,5.7,1.772770426707586,0.5873429199167665,3.4265060894566957,10.425560966785065,2.1268144372241533
31,New York,NY,33,2010,14.9,6.2,1.1683965208441,0.3916364834871642,1.9389864204300666,17.15771185666856,2.556499066643615
32,North Carolina,NC,34,2010,17.5,8.0,1.7637567596163195,0.3619368178825803,3.4333393598690995,6.8141602731150215,1.1924780477951287
33,North Dakota,ND,35,2010,13.0,2.7,1.1798177008070074,0.2242428284534952,1.762966585891821,9.447316502295271,1.2281511452983853
34,Ohio,OH,36,2010,15.8,7.3,2.8730790012527585,0.315148115974784,3.2443894518714074,9.259734142788094,1.463037994560519
35,Oklahoma,OK,37,2010,16.9,5.1,1.6851174299404459,0.47838478445423654,3.4076571353190364,8.517755589888743,1.4395006946911975
36,Oregon,OR,38,2010,15.8,8.1,1.8601568550909955,0.25159668126908963,3.0079028198372324,8.945299501448714,1.4133573212288968
37,Pennsylvania,PA,39,2010,13.4,6.0,2.5350118525767904,0.36593041075716143,2.171501263456679,13.229850483249106,1.7727999647553803
38,Rhode Island,RI,40,2010,14.0,7.0,2.7505813793515688,0.25627182841078255,2.5532302489945056,15.788110760068871,2.210335506409642
39,South Carolina,SC,41,2010,18.2,7.8,1.510687961922915,0.5964213425132059,3.8917312333181395,7.340257457554949,1.3359268572750007
40,South Dakota,SD,42,2010,14.4,4.1,1.9053392447124728,0.26783767027786015,1.8479083911851264,8.317999102579076,1.1977918707713873
41,Tennessee,TN,43,2010,17.7,6.9,1.8804499575237152,0.6124169218469403,3.6525671206334356,8.924102428297154,1.5795661298085963
42,Texas,TX,44,2010,17.9,5.7,2.7580645168319067,0.4485822442312448,3.7685092023915248,6.422139021052449,1.1495628847683883
43,Utah,UT,45,2010,13.2,6.4,0.9355695102423782,0.21183051252967214,3.16646801175499,7.317685803268789,0.9659345260314802
44,Vermont,VT,46,2010,12.7,5.5,1.4301486389541749,0.13021686300387136,2.2817509454702907,17.673386668674215,2.2445201069216254
45,Virginia,VA,47,2010,11.1,5.1,1.55862302162631,0.2129566425659786,2.3205755849016767,9.798874087402359,1.0876750237016617
46,Washington,WA,48,2010,13.4,6.9,2.023139030644403,0.31293981903740714,3.696563609048426,9.459063658575882,1.2675145302491684
47,West Virginia,WV,49,2010,18.1,4.8,1.1360658038149345,0.3144147005860625,2.2381149355611654,9.065725669370298,1.6408963461560242
48,Wisconsin,WI,50,2010,13.2,6.1,1.5947183635812476,0.24852055408379792,2.5061528255549845,11.0844104588915,1.463142180573678
49,Wyoming,WY,51,2010,11.2,4.2,1.7972121944349475,0.19557580599730376,2.457806822832058,11.609450578262084,1.3002584647653532
50,Alabama,AL,1,2011,19.0,6.8,2.273750767075864,0.42037320155221775,3.608824961674858,6.5384293670731815,1.2423015797439045
51,Alaska,AK,2,2011,10.5,6.0,1.8532725500188332,0.6069561075044867,2.6349899186847763,25.29213921183212,2.6556746172423726
52,Arizona,AZ,3,2011,19.0,6.7,2.1952269389799497,0.40649546097320677,3.5599367986153414,7.734007332252472,1.4694613931279694
53,Arkansas,AR,4,2011,19.5,5.5,2.023538768585494,0.48046922687948007,3.7506796927363757,7.836868476716511,1.5281893529597197
54,California,CA,5,2011,16.6,7.8,1.7311117033259333,0.4116650219354616,2.587521791924618,12.397098777400608,2.057918397048501
55,Colorado,CO,6,2011,13.5,6.3,2.3499844662522253,0.3199112379586605,2.6041434783253936,7.0973978171795515,0.9581487053192395
56,Connecticut,CT,7,2011,10.9,7.2,1.9838457557556077,0.2721914631593996,2.1628450152900425,16.266405935626665,1.7730382469833066
57,Delaware,DE,8,2011,11.9,5.7,2.5884385941517403,0.5593019911150884,3.40970331095758,16.321847662427924,1.942299871828923
58,Florida,FL,10,2011,17.0,7.4,2.239316044827448,0.5153927387771432,3.522760988067277,6.885536809618353,1.17054125763512
59,Georgia,GA,11,2011,19.1,7.6,5.897655412213562,0.3737236201917667,3.631262489886437,5.53708356438845,1.057582960798194
60,Hawaii,HI,12,2011,12.0,4.7,2.1230612855961124,0.28629862781105886,3.326907503576014,12.607289486409698,1.5128747383691636
61,Idaho,ID,13,2011,16.5,6.3,3.3336586485343234,0.20102152268752643,2.070003977498722,8.321815040378594,1.3730994816624682
63,Indiana,IN,15,2011,16.0,6.4,2.825935860323166,0.33186383914870005,3.1620365937198462,8.053543811980859,1.2885670099169373
64,Iowa,IA,16,2011,12.8,4.1,1.516418357283742,0.25522317188983856,2.327240067624683,12.486291150904531,1.59824526731578
65,Kansas,KS,17,2011,13.8,5.0,1.3069217088238114,0.35417229391211913,3.0822957418815187,8.916989021804477,1.2305444850090181
66,Kentucky,KY,18,2011,19.1,6.2,2.1827302285379653,0.23813332399656642,2.708531997077226,8.787342818675198,1.6783824783669627
67,Louisiana,LA,19,2011,20.4,5.6,2.8363187236716296,0.5552465510176205,3.6878896325638575,6.884110442428577,1.4043585302554296
68,Maine,ME,20,2011,14.1,5.5,0.8787503124331846,0.12316643127523934,2.545314104513794,15.511892472965332,2.187176838688112
69,Maryland,MD,21,2011,10.1,6.1,2.4158052487756057,0.49314837657650534,2.8547189369353356,15.724989417645494,1.5882239311821946
70,Massachusetts,MA,22,2011,11.6,6.2,1.4565711778320465,0.4266824805857884,2.249763857201157,19.181451369046883,2.2250483588094383
71,Michigan,MI,23,2011,17.5,8.0,2.61505349200175,0.4450634116448494,2.610486184951609,8.631012058883718,1.5104271103046503
72,Minnesota,MN,24,2011,11.9,5.4,2.455259677864958,0.22118749909981833,2.548828192586693,17.08968172997639,2.0336721258671906
73,Mississippi,MS,25,2011,22.6,6.5,2.1108605845912236,0.26977931206275424,3.025281571246279,8.076295113412062,1.825242695631126
74,Missouri,MO,26,2011,15.8,6.0,1.954330167920769,0.44738385514805895,3.3090332805071316,7.989191926547307,1.2622923243944744
75,Montana,MT,27,2011,14.8,5.2,1.5270317532256579,0.2677185566059303,2.3217315274195944,9.418075411702306,1.3938751609319413
76,Nebraska,NE,28,2011,13.1,4.4,1.3685907646772484,0.253440047982476,2.755841344900124,8.671119581816185,1.1359166652179205
77,Nevada,NV,29,2011,15.9,8.2,1.3039197229359354,0.564339244967247,2.570510150291404,4.9326971249251175,0.7842988428630936
78,New Hampshire,NH,30,2011,8.8,4.7,0.8564407870916724,0.1876985491614162,2.2804086041378517,16.741386063372396,1.4732419735767708
79,New Jersey,NJ,31,2011,10.4,7.3,1.891228096546523,0.30814045622639574,2.149031327971752,15.4815421436548,1.6100803829400991
81,New York,NY,33,2011,16.0,6.0,1.121622176473433,0.39740008341863153,1.9090743070461051,16.388991756140662,2.622238680982506
82,North Carolina,NC,34,2011,17.9,7.3,1.6732538835767758,0.34971450440233964,3.5263655785003136,6.721463945109817,1.2031420461746571
83,North Dakota,ND,35,2011,12.2,2.2,1.1688150169652305,0.246488379729286,1.933087671932577,10.925871542732464,1.3329563282133605
84,Ohio,OH,36,2011,16.4,6.6,2.843496416482664,0.3073628047869392,3.354770944808003,9.729952653468006,1.595712235168753
85,Oklahoma,OK,37,2011,17.2,4.6,1.6273221581050892,0.45515509403890164,3.35900922267809,8.374363184862702,1.4403904677963846
86,Oregon,OR,38,2011,17.5,7.5,1.8044391865158278,0.24757001226228267,3.114485505816578,8.914936298555666,1.5601138522472415
87,Pennsylvania,PA,39,2011,13.8,5.9,2.5329193527444107,0.35494003325797524,2.2217410185225503,13.478396805062134,1.8600187590985746
88,Rhode Island,RI,40,2011,14.7,6.8,2.678596003033268,0.24695130921208105,2.67081352518723,15.516662234063245,2.280949348407297
89,South Carolina,SC,41,2011,18.9,7.2,1.5307152192404356,0.5727747081866972,3.910214781953915,7.5290309237527495,1.4229868445892695
90,South Dakota,SD,42,2011,13.9,3.7,1.9300564730280882,0.2542561187208513,1.8187690555490121,8.435222294942006,1.172495898996939
91,Tennessee,TN,43,2011,18.3,6.5,1.9117758889226948,0.6085674178592597,3.5982267410561577,9.176713329084963,1.6793385392225482
92,Texas,TX,44,2011,18.5,5.5,2.663745697171241,0.40893128415762386,3.476222010386253,6.590716291843139,1.2192825139909806
93,Utah,UT,45,2011,13.5,5.4,0.97894110398581,0.1952114565745115,2.9760686530338436,7.402430329863117,0.9993280945315209
94,Vermont,VT,46,2011,11.5,4.3,1.3817102012761362,0.1350771630287266,2.3066777875413247,20.28692439055626,2.33299630491397
95,Virginia,VA,47,2011,11.5,4.9,1.555222183750342,0.19655222002294737,2.248333725252757,10.033927260989328,1.1539016350137727
96,Washington,WA,48,2011,13.9,6.6,1.8231567903153345,0.2947429235550734,3.576378202588189,9.135727122464568,1.2698660700225748
97,West Virginia,WV,49,2011,18.6,4.8,1.1570432704609868,0.3157354329928174,2.272745637695611,9.52208442419073,1.771107702899476
98,Wisconsin,WI,50,2011,13.1,5.5,1.5780010071358361,0.23718346909042978,2.4354423475204054,12.000649275784765,1.5720850551278043
99,Wyoming,WY,51,2011,11.3,3.5,1.8009694534980671,0.21963726359468289,2.269878846957248,11.541275380885361,1.3041641180400458
100,Alabama,AL,1,2012,19.0,5.8,2.221026281733404,0.45047458378914473,3.5069029991768397,8.524770850522577,1.6197064615992895
101,Alaska,AK,2,2012,10.1,5.3,1.865032589811936,0.6040170143323983,2.743129854074856,27.35354835461779,2.7627083838163964
102,Arizona,AZ,3,2012,18.7,5.9,2.1255527890406345,0.42880388004353337,3.5382269780310476,6.760851058008748,1.2642791478476358
103,Arkansas,AR,4,2012,19.8,5.0,2.0488005646027796,0.4686392761377755,3.6563348106677003,8.661425820160902,1.714962312391859
104,California,CA,5,2012,17.0,7.2,1.7125031278986422,0.4241082721983304,2.765476115186778,10.709130692499615,1.8205522177249347
105,Colorado,CO,6,2012,13.7,5.3,2.32814383685238,0.30857094657118034,2.6820617692671966,7.695220191897431,1.0542451662899481
106,Connecticut,CT,7,2012,10.7,6.6,1.8892227588066035,0.2826503590021218,2.1375155200363216,18.086115586571683,1.9352143677631701
107,Delaware,DE,8,2012,12.0,5.6,2.516556870295319,0.5485265723973124,3.3478696517293334,16.7486451648621,2.009837419783452
108,Florida,FL,10,2012,17.1,6.8,2.190086671957074,0.4875524294917841,3.280100728465627,6.54955861725064,1.1199745235498597
109,Georgia,GA,11,2012,19.2,6.9,5.6302130752830655,0.37965223205133,3.416971083974739,5.448034610488922,1.0460226452138732
110,Hawaii,HI,12,2012,11.6,4.4,2.077998055640793,0.23874322126979847,3.0697503018345227,12.447509619198506,1.4439111158270266
111,Idaho,ID,13,2012,15.9,5.1,2.8384804967517567,0.2079828298201494,1.9839856982029982,8.026117491892068,1.2761526812108386
112,Illinois,IL,14,2012,14.7,6.7,1.7336226884357164,0.41453878165047026,2.577238441887489,10.696906115345534,1.5724451989557935
113,Indiana,IN,15,2012,15.6,5.6,2.6870759500699255,0.34571775438559993,3.029076114347807,8.531551525053983,1.3309220379084215
114,Iowa,IA,16,2012,12.7,3.6,1.4699901729086955,0.26370282719858007,2.2703084009765324,12.297720876880806,1.5618105513638625
115,Kansas,KS,17,2012,14.0,4.3,1.2614668086759688,0.3546304540635375,3.1439140430124595,7.664996814594232,1.0730995540431927
116,Kentucky,KY,18,2012,19.4,5.5,2.4248096844161404,0.22232628251396494,2.5494112867521164,8.452296256676664,1.6397454737952728
117,Louisiana,LA,19,2012,19.9,5.4,2.689909425660491,0.4970254111522522,3.541338656266545,6.907012224644322,1.3744954327042198
118,Maine,ME,20,2012,14.7,4.9,0.8338541374030393,0.12284133283222706,2.5126362382685024,15.472176282100596,2.2744099134687876
119,Maryland,MD,21,2012,10.3,5.6,2.346054995488358,0.4765591663790269,2.7523563816631653,16.201444931304327,1.6687488279243456
120,Massachusetts,MA,22,2012,11.9,5.7,1.4219163290437273,0.40451718106169815,2.1475145223514014,20.42224759175868,2.430247463419283
121,Michigan,MI,23,2012,17.4,6.9,2.568806025373984,0.4538884698567112,2.527001473657302,8.603419784538701,1.4969950425097338
122,Minnesota,MN,24,2012,11.4,4.4,2.4635949346088255,0.23098055794293948,2.569484341809564,19.24954144820509,2.19444772509538
123,Mississippi,MS,25,2012,24.2,6.6,2.2194203127806804,0.2609410231730107,2.812036667140333,7.534119268693081,1.8232568630237254
124,Missouri,MO,26,2012,16.2,5.4,1.8492972871672657,0.45075275128490677,3.313045171384811,8.52669061832503,1.3813238801686551
125,Montana,MT,27,2012,15.5,4.6,1.3248067759665187,0.2725688719573852,2.5872125748294206,8.16594693243203,1.2657217745269644
126,Nebraska,NE,28,2012,13.0,3.7,1.2985933762584962,0.2597524527829502,2.758210611001007,8.912324893197962,1.158602236115735
127,Nevada,NV,29,2012,16.4,7.9,1.3050644534467253,0.6108973919787055,2.824712572467307,4.189306042862397,0.687046191029433
128,New Hampshire,NH,30,2012,10.0,4.4,0.8201026708310931,0.1873538775682811,2.3177962773894603,12.553495157948152,1.2553495157948154
129,New Jersey,NJ,31,2012,10.8,6.7,1.8388065834688345,0.2908668027444386,2.0518054273278445,14.586508772366631,1.5753429474155964
130,New Mexico,NM,32,2012,20.8,6.1,1.699075254310694,0.5586139857586969,3.597646539156397,9.001189772610054,1.8722474727028917
131,New York,NY,33,2012,15.9,5.9,1.0792335139160552,0.40673517897063144,1.9217355887201775,16.797916530207196,2.670868728302944
132,North Carolina,NC,34,2012,18.0,6.7,1.6139055688736506,0.353495921216689,3.370376007900322,7.951256958721565,1.4312262525698818
133,North Dakota,ND,35,2012,11.2,2.3,1.2404377788173013,0.24416123769210582,2.0056305406916377,12.159711989979286,1.3618877428776799
134,Ohio,OH,36,2012,16.3,5.7,2.880630005932155,0.29955174175115723,3.116160701738162,10.440491243023507,1.7018000726128315
135,Oklahoma,OK,37,2012,17.2,4.2,1.6663713891276193,0.46878428747773526,3.39746842867969,9.294942612220494,1.5987301293019247
136,Oregon,OR,38,2012,17.2,6.9,1.740008345727534,0.24757623811843082,3.2244926328564674,8.875659044040281,1.526613355574928
137,Pennsylvania,PA,39,2012,13.7,5.6,2.482671907630211,0.3485751443669589,2.16568845059629,12.445936289323667,1.7050932716373421
138,Rhode Island,RI,40,2012,13.7,6.2,2.6125973216918683,0.25136992341324516,2.561773376407259,16.115188355242463,2.2077808046682175
139,South Carolina,SC,41,2012,18.3,6.7,1.5473828273222658,0.5595721669393477,3.8273574550478933,6.830803229923111,1.2500369910759295
140,South Dakota,SD,42,2012,13.4,3.2,1.919838537080447,0.321750167353275,2.0595849638780854,8.623219262853452,1.1555113812223627
141,Tennessee,TN,43,2012,17.9,5.8,1.930493528097283,0.6437969735499384,3.3725974597057466,9.289777084022209,1.6628700980399753
142,Texas,TX,44,2012,17.9,5.1,2.575231864877818,0.4081967358292465,3.358544875782654,6.706589662049445,1.2004795495068505
143,Utah,UT,45,2012,12.8,4.7,0.941092499233364,0.20593157226091907,2.9937880580014893,8.386581679589959,1.0734824549875148
144,Vermont,VT,46,2012,11.8,4.3,1.359548946637065,0.14263125109808494,2.398377230110687,20.068092771630003,2.3680349470523407
145,Virginia,VA,47,2012,11.7,4.5,1.5112508307799069,0.1901508598572036,2.1622879678634783,9.631604454868247,1.126897721219585
146,Washington,WA,48,2012,13.5,5.6,1.80277077414747,0.29557530181709357,3.658559925115897,8.784007240102577,1.185840977413848
147,West Virginia,WV,49,2012,17.8,4.3,1.1826609480890444,0.316069174396512,2.3630061738235053,9.965608588293538,1.7738783287162496
148,Wisconsin,WI,50,2012,13.2,4.9,1.576246118853978,0.28084112476311024,2.4565381576094936,10.68670193074035,1.4106446548577263
149,Wyoming,WY,51,2012,12.6,3.8,1.6879243976713718,0.20145582634195436,2.294271262612679,10.529945632018318,1.3267731496343083
150,Alabama,AL,1,2013,18.7,5.6,2.2743659329936703,0.41841948406248264,0.285440347687751,8.616269183656819,1.6112423373438252
151,Alaska,AK,2,2013,9.3,6.0,1.7702572896937596,0.6010300270802694,0.4243841816494543,30.40235385410523,2.8274189084317864
152,Arizona,AZ,3,2013,18.6,5.3,1.9559336349069558,0.40544183390212585,0.2636909740795843,6.885746614543274,1.2807488703050494
153,Arkansas,AR,4,2013,19.7,4.7,2.407450587957018,0.44573224302223424,0.3305061836858823,8.73758537280674,1.7213043184429275
154,California,CA,5,2013,16.8,6.3,1.373545308150614,0.39695733388861026,0.23268993395248247,12.448155346049083,2.0912900981362457
155,Colorado,CO,6,2013,13.0,4.7,2.310908673030261,0.2911728618238444,0.18908585727747113,8.526283202784686,1.1084168163620094
156,Connecticut,CT,7,2013,10.7,6.2,1.74711482371543,0.2546148772643908,0.13544409891842224,18.36690490726525,1.9652588250773817
157,Delaware,DE,8,2013,12.4,5.5,2.5516037662303916,0.4801987058996769,0.3144299981809835,16.9112827084178,2.096999055843807
158,Florida,FL,10,2013,17.0,5.7,2.0882868955660197,0.4601951506171127,0.312366642124085,6.779949510399887,1.152591416767981
159,Georgia,GA,11,2013,19.0,6.4,6.2452800111185995,0.3604219171582111,0.20972719020014982,5.836814549954509,1.1089947644913567
160,Hawaii,HI,12,2013,10.8,3.7,1.9803400407458087,0.24456006527282578,0.14173690194092922,13.9016872114427,1.5013822188358117
161,Idaho,ID,13,2013,15.6,4.5,2.887246565616066,0.20481552327883584,0.16112154497935086,8.783952151528986,1.3702965356385217
162,Illinois,IL,14,2013,14.7,6.3,1.5685824500088368,0.37213276423989244,0.20382114828009865,11.386822963958574,1.6738629757019103
163,Indiana,IN,15,2013,15.9,5.0,2.8246043798838527,0.3500076803477333,0.21133515804389688,10.376091334441899,1.6497985221762619
164,Iowa,IA,16,2013,12.7,3.3,1.7591725759837467,0.26065334043324323,0.20442955489449233,12.3858260562961,1.5729999091496047
165,Kansas,KS,17,2013,14.0,3.9,1.2759855482418847,0.3275943829902544,0.2482016526960347,8.00343306035941,1.1204806284503175
166,Kentucky,KY,18,2013,18.8,5.0,2.2524419711037793,0.19835814758872367,0.09530817255092847,8.49062636399032,1.59623775643018
167,Louisiana,LA,19,2013,19.8,4.8,2.6159877129055578,0.5105170755841625,0.35287933230793117,7.8909626210355555,1.56241059896504
168,Maine,ME,20,2013,14.0,4.4,1.5356830864851063,0.12161062161476315,0.06867423338245449,16.250449249321996,2.2750628949050795
169,Maryland,MD,21,2013,10.1,5.1,1.327576217401845,0.46822758284896576,0.27228580284806086,16.846171285456478,1.7014632998311046
170,Massachusetts,MA,22,2013,11.9,5.2,1.2456609052308731,0.40275184465498787,0.26970282192925554,21.16414740486542,2.5185335411789853
171,Michigan,MI,23,2013,17.0,6.0,2.4928716214409974,0.42909029649255803,0.2743248430228189,8.892566349085184,1.5117362793444813
172,Minnesota,MN,24,2013,11.2,3.8,2.322885000569874,0.2235161529212545,0.1276258760771031,18.128538835324623,2.0303963495563573
173,Mississippi,MS,25,2013,24.0,6.1,2.219725754681533,0.2676404644008738,0.15658924533017746,8.109068591777525,1.9461764620266062
174,Missouri,MO,26,2013,15.9,4.7,1.695266725875993,0.4222844481158274,0.298888459395949,8.517036049769546,1.354208731913358
175,Montana,MT,27,2013,16.5,4.1,1.372269692541899,0.24112813237184644,0.19051490327742857,7.970018455935053,1.315053045229284
176,Nebraska,NE,28,2013,13.2,3.2,2.190409868979386,0.2526163646296345,0.16078023716559292,9.854391430954507,1.3007796688859952
177,Nevada,NV,29,2013,15.8,7.0,1.1019009787569751,0.5942427331707475,0.36239584721736906,4.2983082250688245,0.6791326995608742
178,New Hampshire,NH,30,2013,8.7,4.1,0.8702291006782641,0.19915243377540853,0.11246609810481056,14.807871628739814,1.2882848317003637
179,New Jersey,NJ,31,2013,11.4,6.0,1.6367808704825983,0.2869490837274861,0.13628811291262974,13.407872252820377,1.5284974368215232
180,New Mexico,NM,32,2013,21.9,5.4,1.8247412455257992,0.5947120667331652,0.44841184682878377,8.571999672279686,1.8772679282292513
181,New York,NY,33,2013,16.0,5.5,0.9745677180100923,0.39030908743568676,0.2350639485535567,18.38813311529237,2.9421012984467794
182,North Carolina,NC,34,2013,17.9,6.0,1.4610643180320169,0.3367963869159805,0.21855395365961297,8.124958117596531,1.4543675030497791
183,North Dakota,ND,35,2013,11.8,1.8,4.175467303569351,0.25677390047033666,0.20026702269692925,11.73190247051863,1.3843644915211983
184,Ohio,OH,36,2013,16.0,5.1,2.821963583008744,0.27558841547372287,0.12315270935960591,10.921581689540805,1.7474530703265287
185,Oklahoma,OK,37,2013,16.8,3.8,1.6899271335565582,0.4277987155657589,0.30060619524376275,9.940280960752442,1.6699672014064104
186,Oregon,OR,38,2013,16.7,5.7,1.7408704188281456,0.24336718616952388,0.1430221992888151,9.512450181142523,1.5885791802508014
187,Pennsylvania,PA,39,2013,13.7,5.2,2.415450913875048,0.326487094199115,0.18564829638982588,13.129114240893534,1.7986886510024138
188,Rhode Island,RI,40,2013,14.3,6.0,2.5380989706003616,0.24377275299242426,0.14690815207552785,15.34930042788681,2.194949961187814
189,South Carolina,SC,41,2013,18.6,5.7,1.503303445785965,0.4958984735772699,0.37442696176386625,6.965490905689764,1.2955813084582963
190,South Dakota,SD,42,2013,14.2,2.8,1.9126392470284315,0.29965001258435076,0.23696569933374176,8.419459051499123,1.1955631853128754
191,Tennessee,TN,43,2013,17.8,5.3,1.9106827221857803,0.5798125752578399,0.4369651111583317,9.30704811134937,1.656654563820188
192,Texas,TX,44,2013,17.5,4.5,2.4653683429766153,0.3993011248451961,0.24656852011985075,6.680346143695946,1.1690605751467904
193,Utah,UT,45,2013,12.7,3.7,0.8487522673624052,0.20948081887329,0.13058903107356332,8.680409156210423,1.102411962838724
194,Vermont,VT,46,2013,12.3,3.8,1.338049536098114,0.11497740374634707,0.08719119784097987,21.012276330584964,2.5845099886619503
195,Virginia,VA,47,2013,11.7,4.3,1.4668086830698412,0.18811435714608563,0.10981012010163797,10.206847628856936,1.1942011725762616
196,Washington,WA,48,2013,14.1,5.0,1.9889891778916813,0.2782458606674196,0.16658565462159958,8.375923915780735,1.1810052721250837
197,West Virginia,WV,49,2013,18.5,4.6,1.6399387188402483,0.2897113889856811,0.2267095453187149,10.28303624918139,1.902361706098557
198,Wisconsin,WI,50,2013,13.5,4.3,1.4007224294435494,0.2714078379515663,0.16172908930729815,11.118567902491353,1.5010066668363329
199,Wyoming,WY,51,2013,10.9,3.4,1.5806814722686995,0.19789666083741894,0.1573553310130866,12.383592215875552,1.3498115515304352
200,Alabama,AL,1,2014,19.3,4.9,2.085975867647542,0.4280846850519817,0.28388208597672066,8.479461815935077,1.63653613047547
201,Alaska,AK,2,2014,11.2,5.1,1.9063322119348132,0.6361684298021277,0.44045564001885146,25.5391414908204,2.8603838469718843
202,Arizona,AZ,3,2014,18.2,4.7,1.9816870539742508,0.39991602298402784,0.25213905892550725,7.429442188126388,1.3521584782390026
203,Arkansas,AR,4,2014,18.9,3.9,2.3305762096817677,0.47998377026021505,0.3459266588303804,9.91614163719501,1.8741507694298563
204,California,CA,5,2014,16.4,5.3,1.3591459513974309,0.398241084818778,0.23785026452334138,13.189971413225713,2.1631553117690165
205,Colorado,CO,6,2014,12.0,3.7,2.287139239053618,0.30941471946043636,0.1929870108994204,10.46718713036134,1.2560624556433608
206,Connecticut,CT,7,2014,10.8,5.3,1.7225924767785665,0.23708285158201753,0.12505132807570626,19.288073871378916,2.0831119781089233
207,Delaware,DE,8,2014,12.5,4.2,2.4781042523917227,0.4907307018757366,0.3074573693788761,18.02248824916594,2.2528110311457423
208,Florida,FL,10,2014,16.5,4.7,2.006792368463206,0.5417791100645367,0.36730488209888673,7.397499727380679,1.220587455017812
209,Georgia,GA,11,2014,18.3,5.1,5.782430607359804,0.37842403875208375,0.21904630030083602,6.200834484769759,1.1347527107128659
210,Hawaii,HI,12,2014,11.4,3.3,1.9604280690939373,0.26015561264525944,0.14859975483161286,16.5129979950307,1.8824817714334998
211,Idaho,ID,13,2014,14.8,3.4,2.9469902618581676,0.21261568794785396,0.16081053906782614,9.352867445230201,1.3842243818940698
212,Illinois,IL,14,2014,14.4,5.3,1.564212693506838,0.36992530478304425,0.21359008848854202,12.182085321910263,1.7542202863550782
213,Indiana,IN,15,2014,15.2,4.5,2.706283219112224,0.36548833998317165,0.22272964691451344,10.664129529014689,1.6209476884102327
214,Iowa,IA,16,2014,12.2,3.0,1.8098292376220109,0.27327254892501646,0.20145689613584833,13.82895112493861,1.6871320372425105
215,Kansas,KS,17,2014,13.6,3.4,1.2298979236159595,0.34901179979141345,0.2502693524336531,8.995696952274043,1.22341478550927
216,Kentucky,KY,18,2014,19.1,4.5,2.2851186686870477,0.2115827271473098,0.09976555999536964,9.848781352626004,1.8811172383515666
217,Louisiana,LA,19,2014,19.8,4.4,2.6557620381338296,0.5153732343126516,0.3528629226490107,8.737182886673855,1.7299622115614233
218,Maine,ME,20,2014,14.1,3.7,1.3932791261716346,0.12777026605527342,0.06689149222893727,18.5502490526064,2.615585116417502
219,Maryland,MD,21,2014,10.1,4.8,1.989855041299868,0.44753623421952593,0.2540251990714559,18.171078564799185,1.8352789350447176
220,Massachusetts,MA,22,2014,11.6,4.5,1.2398502069323676,0.39036784098887467,0.2669241220383415,23.071577633898237,2.676303005532195
221,Michigan,MI,23,2014,16.2,5.0,2.5167404375172713,0.4264717848651863,0.27713415149959997,9.747128052715409,1.5790347445398962
222,Minnesota,MN,24,2014,11.5,3.3,2.2552722736177553,0.22940412347720518,0.12344345037010103,19.374228877239357,2.2280363208825262
223,Mississippi,MS,25,2014,21.5,5.6,2.2533585746445035,0.2788192349826181,0.153554560690835,9.039695770104398,1.9435345905724455
224,Missouri,MO,26,2014,15.5,4.2,1.596577345009298,0.4434462390785512,0.3051747613438257,8.931265566620263,1.3843461628261409
225,Montana,MT,27,2014,15.4,3.1,1.3704605286979055,0.3242098546878318,0.24778127137627232,9.022708364796244,1.3894970881786217
226,Nebraska,NE,28,2014,12.4,2.9,2.0841928920072728,0.2806864819793958,0.17644670601775853,10.937006057661423,1.3561887511500164
227,Nevada,NV,29,2014,15.2,5.6,1.0637593500632445,0.6404323068907606,0.37492529177024075,5.06411169066209,0.7697449769806376
228,New Hampshire,NH,30,2014,9.2,3.5,0.8708767449587165,0.1951488778939521,0.10942437080986783,14.387843900332355,1.3236816388305768
229,New Jersey,NJ,31,2014,11.1,5.0,1.6522312735312947,0.2633643652649183,0.12662833033918908,14.99079830067672,1.663978611375116
230,New Mexico,NM,32,2014,21.3,5.1,1.8501753233204181,0.5962476454463315,0.42099611020076877,9.444994250715398,2.01178377540238
231,New York,NY,33,2014,15.9,4.6,0.939944289996936,0.38368435191424133,0.23053731126516452,17.204265681925087,2.7354782434260887
232,North Carolina,NC,34,2014,17.2,5.1,1.4486308290832262,0.32988395015467303,0.21565734111341447,7.996726570567938,1.375436970137685
233,North Dakota,ND,35,2014,11.5,2.1,4.014524932838443,0.26579839191972887,0.19080527419951965,12.972058209376138,1.491786694078256
234,Ohio,OH,36,2014,15.8,4.5,2.733139880372672,0.28467511872236634,0.12730657519370492,12.158641490364584,1.9210653554776043
235,Oklahoma,OK,37,2014,16.6,3.4,1.712197673809953,0.4059628893604151,0.27703666687552714,10.408706346175215,1.7278452534650857
236,Oregon,OR,38,2014,16.6,4.8,1.7082521010566092,0.23273863531995506,0.14109653606994674,11.941337382946838,1.982262005569175
237,Pennsylvania,PA,39,2014,13.6,4.4,2.580476632844379,0.31406800881398506,0.17350998524981365,14.021561534117815,1.906932368640023
238,Rhode Island,RI,40,2014,14.3,5.0,2.5735461240075157,0.21904736650706103,0.1323943875386387,17.29852270131226,2.473688746287654
239,South Carolina,SC,41,2014,18.0,4.9,1.4443626266347434,0.49862996999969106,0.36644700439524946,7.818927396414582,1.4074069313546245
240,South Dakota,SD,42,2014,14.2,2.7,1.758537901779353,0.32810091281772263,0.24684117489804255,8.523937511510345,1.210399126634469
241,Tennessee,TN,43,2014,18.3,4.7,1.897922174492446,0.6091827170545936,0.45375306727809156,8.933830090089879,1.6348909064864476
242,Texas,TX,44,2014,17.2,3.9,2.4219206356782497,0.4057730632535951,0.2434920233331935,7.136984804471927,1.2275613863691714
243,Utah,UT,45,2014,11.7,3.3,0.8991321944145468,0.21607972272606393,0.11961677685733733,9.65109065442787,1.1291776065680608
244,Vermont,VT,46,2014,12.2,3.6,1.3099514726157764,0.09948593601550829,0.0690963414127003,22.5515045943351,2.751283560508882
245,Virginia,VA,47,2014,11.8,3.9,1.4800738443649273,0.19660707210317707,0.11310321161382281,10.422486442282741,1.2298534001893637
246,Washington,WA,48,2014,13.2,4.1,1.8509642030687539,0.28542855745603435,0.16481316237292964,10.383822862888103,1.3706646179012298
247,West Virginia,WV,49,2014,18.3,3.7,1.588097155484569,0.3021375093336592,0.23563265312743142,10.993844535176542,2.011873549937307
249,Wyoming,WY,51,2014,11.2,2.9,1.5339256279923301,0.19604106905898572,0.15432655086167088,12.144004230798755,1.3601284738494603
250,Alabama,AL,1,2015,18.5,4.1,2.0937592429566556,0.47300821643629365,0.32878934668110094,9.1398066777816,1.690864235389596
252,Arizona,AZ,3,2015,17.4,4.0,2.09481155707445,0.4101512282573873,0.26699656030534974,8.706234178706232,1.514884747094884
253,Arkansas,AR,4,2015,19.1,3.3,2.0443327996214298,0.5213482119831514,0.3799804435657182,11.555339612035267,2.2070698658987364
255,Colorado,CO,6,2015,11.5,3.5,2.199848145102312,0.321339413861498,0.19739027997350025,12.646468199099921,1.454343842896491
256,Connecticut,CT,7,2015,10.5,4.6,1.6802885432945966,0.21869900159515063,0.11326628980001237,11.302072883418598,1.1867176527589527
257,Delaware,DE,8,2015,12.4,3.6,2.3991449686162682,0.5014597578544322,0.32732998176896305,19.605878745166187,2.4311289644006067
258,Florida,FL,10,2015,15.7,4.1,1.9124140225499555,0.46328767093462425,0.3161703558238931,8.12416503249822,1.2754939101022207
259,Georgia,GA,11,2015,17.0,4.4,5.281050306763891,0.37965516743369593,0.22161534072928807,6.917358287161327,1.1759509088174256
260,Hawaii,HI,12,2015,10.6,3.0,1.947045537012711,0.29541817036226525,0.17003597618089916,16.97241095501165,1.7990755612312348
261,Idaho,ID,13,2015,15.1,3.3,2.9652450232892953,0.21610372494259744,0.16050304683236638,9.365183314875784,1.4141426805462434
262,Illinois,IL,14,2015,13.6,4.5,1.655040848917945,0.38381160211597976,0.22458352428389555,13.949881780557236,1.897183922155784
263,Indiana,IN,15,2015,14.5,3.7,2.469150695448172,0.3881864687212772,0.23855922034034752,12.06813220233629,1.7498791693387619
264,Iowa,IA,16,2015,12.2,2.8,1.4878932383417283,0.28632215728493793,0.2134279196144776,15.510995565887251,1.8923414590382446
265,Kansas,KS,17,2015,13.0,3.0,1.2388460489303752,0.3902700952316784,0.26785735770679453,10.11612643504032,1.3150964365552416
266,Kentucky,KY,18,2015,18.5,3.8,2.406280895663465,0.2186184470950588,0.1054682628193194,13.281828472195524,2.457138267356172
267,Louisiana,LA,19,2015,19.6,4.2,2.6795735518540815,0.5404075094519862,0.3741777479361698,9.186981693034541,1.80064841183477
268,Maine,ME,20,2015,13.4,3.3,0.7132148371014152,0.13017010198289192,0.06933872985901877,16.922298664462822,2.267588021038018
269,Maryland,MD,21,2015,9.7,3.7,1.9562147178348501,0.4588040354439566,0.2575697987924943,20.969473288260453,2.034038908961264
270,Massachusetts,MA,22,2015,11.5,3.9,1.29706737597443,0.39094949418830216,0.28069414214536226,25.463335105596407,2.9282835371435874
271,Michigan,MI,23,2015,15.8,4.4,2.4910911479342692,0.41514481637864153,0.2659560810997899,11.732090427586037,1.8536702875585938
272,Minnesota,MN,24,2015,10.2,2.9,2.2937453671399584,0.2429573559585205,0.12940457115171894,22.82316190813345,2.3279625146296117
273,Mississippi,MS,25,2015,22.0,5.0,2.448186734538498,0.27619474975664815,0.15051174998853928,9.473126437018674,2.0840878161441085
274,Missouri,MO,26,2015,14.8,3.3,1.7048796139157656,0.4983915627369587,0.3430652077529113,9.655947318545074,1.429080203144671
275,Montana,MT,27,2015,14.6,2.8,1.505530331943036,0.3504209223901599,0.273466119993207,9.70339851916941,1.4166961837987335
276,Nebraska,NE,28,2015,12.6,2.2,1.1827695406199092,0.27558099633210786,0.17358641806567732,10.464912130294833,1.3185789284171487
277,Nevada,NV,29,2015,14.7,5.0,1.423137755386843,0.701724033891199,0.41734407324327444,7.484063574947566,1.1001573455172922
278,New Hampshire,NH,30,2015,8.2,2.9,0.7916099672757885,0.19845100460208778,0.11546376323567928,19.21947021692689,1.5759965577880046
279,New Jersey,NJ,31,2015,10.8,4.3,2.0046308503586343,0.257996522081938,0.1287107086430019,17.84899546462,1.9276915101789602
280,New Mexico,NM,32,2015,20.4,4.3,1.413652568490938,0.6548154373900046,0.45024843355951855,13.348908745579617,2.723177384098242
281,New York,NY,33,2015,15.4,4.1,0.9970726587592482,0.3824282742835721,0.22664338330653902,19.16258202254108,2.951037631471326
282,North Carolina,NC,34,2015,16.4,4.2,1.492545382385802,0.347420552918235,0.22753992714655202,8.850273521973339,1.4514448576036276
283,North Dakota,ND,35,2015,11.0,1.8,1.5456190351825967,0.24029726840886606,0.17213347372776389,16.70038286978979,1.837042115676877
284,Ohio,OH,36,2015,14.8,4.0,2.7765014637815777,0.29178326850456215,0.13509759865417142,14.740413226381882,2.1815811575045188
285,Oklahoma,OK,37,2015,16.1,3.3,1.8233490269978256,0.4222023276633841,0.292057807903824,10.634763702686321,1.7121969561324977
287,Pennsylvania,PA,39,2015,13.2,3.9,2.6333740533691268,0.3155224795394165,0.17499651540036604,14.609967031513479,1.9285156481597794
288,Rhode Island,RI,40,2015,13.9,4.0,2.5918859161131182,0.2425987036782774,0.1437411522964969,20.49655148829098,2.849020656872446
289,South Carolina,SC,41,2015,16.6,4.3,1.432257440545853,0.5049123680635365,0.3694445841300523,9.351559032013858,1.5523587993143004
290,South Dakota,SD,42,2015,13.7,2.7,1.7973344910935516,0.3851342173426324,0.29813065288973617,9.41084865925226,1.2892862663175595
291,Tennessee,TN,43,2015,16.7,3.8,1.9460645822017941,0.6129412532221139,0.45278759309803873,10.2070490079274,1.7045771843238757
292,Texas,TX,44,2015,15.9,3.5,2.3469862311570098,0.4121833606746197,0.24654845989392962,8.289150472534747,1.3179749251330248
293,Utah,UT,45,2015,11.3,2.7,0.9063292513690394,0.23713585761787623,0.13568825907536802,10.17571127691446,1.149855374291334
295,Virginia,VA,47,2015,11.2,3.5,1.458919930990403,0.19611787307242645,0.11044262197840468,10.66370219899128,1.194334646287023
296,Washington,WA,48,2015,12.2,3.8,1.8071741444450788,0.2846869971580158,0.16791702896998,12.96330635705602,1.5815233755608344
297,West Virginia,WV,49,2015,17.9,3.9,1.0900404939279609,0.33826443364729514,0.25672484460248096,14.10587457288523,2.5249515485464564
298,Wisconsin,WI,50,2015,12.1,2.8,1.450612924810187,0.30632153780459437,0.18043930330814067,14.282275215244804,1.7281553010446211
299,Wyoming,WY,51,2015,11.1,3.3,1.5588144643698143,0.22233112994417817,0.17998234328814422,12.30087028387271,1.3653966015098709
300,Alabama,AL,1,2016,17.1,3.6,1.942671547637773,0.5322477009987612,0.38813412082800025,10.158363767092977,1.7370802041728992
301,Alaska,AK,2,2016,9.9,5.4,1.6265294231889689,0.8046330463304633,0.54096264646857,32.323175105754245,3.1999943354696705
302,Arizona,AZ,3,2016,16.4,3.8,2.07267440209495,0.4694231669113935,0.3149081294647282,11.560537679229363,1.8959281793936154
303,Arkansas,AR,4,2016,17.2,2.9,2.0851411588585376,0.5505502157584254,0.40074677633299643,13.41404525101933,2.3072157831753244
304,California,CA,5,2016,14.3,4.1,1.214887307980825,0.44628252827493026,0.2664862976766965,21.967727837450134,3.141385080755369
305,Colorado,CO,6,2016,11.0,3.2,2.193940107505125,0.3427019893613084,0.2111490527087322,14.191223190223951,1.5610345509246346
306,Connecticut,CT,7,2016,9.8,4.2,1.6326634417145662,0.2270173254771123,0.12797148016246424,12.172139849452892,1.1928697052463835
307,Delaware,DE,8,2016,11.7,3.5,2.333913992840289,0.5104745284380892,0.3288998768074476,21.833336084996656,2.5545003219446087
308,Florida,FL,10,2016,14.7,3.5,1.8353151761378732,0.43030101132380527,0.2901790901166261,8.366973459450165,1.2299450985391742
310,Hawaii,HI,12,2016,9.3,2.8,1.887137414285504,0.30940927835557064,0.19396746474226284,20.68068112989955,1.9233033450806587
311,Idaho,ID,13,2016,14.4,2.9,2.982955192588476,0.23038790285191216,0.17207765189790653,9.964752315172552,1.4349243333848476
312,Illinois,IL,14,2016,13.0,4.1,1.5772405305691413,0.43566071815924573,0.25010672338196394,13.986382931060477,1.8182297810378623
313,Indiana,IN,15,2016,14.1,3.2,2.3929109376612834,0.4046392809253239,0.24983781267786342,13.627616668312102,1.9214939502320063
314,Iowa,IA,16,2016,11.8,2.7,1.4853419504210774,0.29092688154805035,0.21217543369980751,16.681770879056497,1.968448963728667
315,Kansas,KS,17,2016,12.1,2.9,1.2621897839939207,0.3799585274923699,0.2736663318267829,11.284611542787209,1.3654379966772523
316,Kentucky,KY,18,2016,18.5,3.5,2.32963540434687,0.23225726209515515,0.11351494823781448,13.630830846528625,2.521703706607796
317,Louisiana,LA,19,2016,20.2,4.1,2.5636152378597457,0.5665078070641398,0.3966537947280273,9.407702000904207,1.9003558041826496
318,Maine,ME,20,2016,12.5,2.8,0.7071381196213975,0.12378719718894898,0.07135791100091113,18.86159945377397,2.357699931721746
319,Maryland,MD,21,2016,9.7,3.6,1.8340156823775762,0.4730713306613687,0.26442022193375236,20.67085934920123,2.005073356872519
320,Massachusetts,MA,22,2016,10.4,3.5,1.2233488390084835,0.3762965281710204,0.2645228154958491,31.033545596405887,3.2274887420262126
322,Minnesota,MN,24,2016,9.9,2.7,2.2465217505415787,0.2425243683212548,0.13067779350265013,26.428258316971604,2.616397573380189
323,Mississippi,MS,25,2016,20.8,4.4,2.179838843174457,0.28056137711023454,0.14963496565189774,10.575091031391496,2.1996189345294312
324,Missouri,MO,26,2016,14.0,3.1,1.6825263772446315,0.5198504715272455,0.36113869661178866,10.440148420750132,1.4616207789050186
325,Montana,MT,27,2016,13.3,3.0,1.533991693125582,0.36892605050251764,0.2843804972623573,12.345832314167172,1.641995697784234
326,Nebraska,NE,28,2016,11.4,2.5,1.228209525296807,0.2912444060083459,0.18686870807130082,11.407855112504395,1.300495482825501
327,Nevada,NV,29,2016,13.8,4.2,1.3998667413906745,0.6833100090726405,0.3989288320423587,8.377350986204005,1.1560744360961528
328,New Hampshire,NH,30,2016,7.3,2.4,0.777207668337422,0.19645282338541034,0.1200172538770937,24.731200100795593,1.8053776073580783
329,New Jersey,NJ,31,2016,10.4,3.9,2.0275216497864292,0.2470344647686174,0.12518562249043974,18.94373394255818,1.9701483300260505
330,New Mexico,NM,32,2016,19.8,4.3,1.2805637609792362,0.6989285867959438,0.4884707142276598,14.910830019620771,2.9523443438849126
331,New York,NY,33,2016,14.7,3.7,0.9590392851533619,0.37835980553166776,0.2296033071759043,21.84487232138761,3.2111962312439783
332,North Carolina,NC,34,2016,15.4,3.8,1.4633597525658832,0.37193292464598965,0.24526361357814658,9.07719590010151,1.3978881686156324
333,North Dakota,ND,35,2016,10.7,2.0,1.5894063186971956,0.2522420781672088,0.1809303398309196,18.258981251749315,1.9537109939371768
334,Ohio,OH,36,2016,14.6,3.6,2.7067737410054002,0.29977557873782595,0.13847763136293584,16.161867869504885,2.3596327089477125
335,Oklahoma,OK,37,2016,16.3,3.6,1.932892772012854,0.4494781514854453,0.3107735949923733,10.41766536086431,1.6980794538208825
336,Oregon,OR,38,2016,13.3,3.5,1.5822856350007921,0.2647937298409575,0.16425524257355054,18.76208042458355,2.4953566964696123
337,Pennsylvania,PA,39,2016,12.9,3.6,2.594053263877127,0.31643036939824876,0.18014790011950144,16.947251886579433,2.186195493368747
338,Rhode Island,RI,40,2016,12.8,3.8,2.470168532414811,0.23884099662178146,0.1431721188148793,22.623551600632116,2.895814604880911
339,South Carolina,SC,41,2016,15.3,3.7,1.357458973805801,0.5021411997818461,0.3652302717564938,9.960474214093487,1.5239525547563033
340,South Dakota,SD,42,2016,13.3,2.6,1.7811643561997972,0.4195847952945321,0.32595747836606426,9.637748432049118,1.2818205414625328
341,Tennessee,TN,43,2016,15.8,3.3,1.9259338478104908,0.6334176445717054,0.46770919694673946,11.548729942257731,1.8246993308767214
342,Texas,TX,44,2016,15.6,3.6,2.3295831329779495,0.4336183354761931,0.2610837914897718,8.844689709429462,1.379771594670996
343,Utah,UT,45,2016,10.2,2.8,0.9304499666833012,0.24350169040865677,0.14050576816614002,11.611666536070961,1.1843899866792378
345,Virginia,VA,47,2016,11.0,3.2,1.539198555226771,0.217619135834911,0.1222101124528038,11.531240455881834,1.2684364501470018
346,Washington,WA,48,2016,11.3,3.4,1.7786560414856065,0.3019011837383243,0.1795806886878286,14.014166139466589,1.5836007737597246
347,West Virginia,WV,49,2016,17.9,4.1,1.0724432094872647,0.35810582390281276,0.27847820589910666,14.53358870725858,2.6015123785992857
348,Wisconsin,WI,50,2016,11.8,2.7,1.4720046452544664,0.3062556603335604,0.18648352188985676,15.55450384240586,1.8354314534038916
349,Wyoming,WY,51,2016,11.3,3.7,1.5281192714856686,0.24477290038769972,0.19616066003098173,12.562777114347298,1.4195938139212447
350,Alabama,AL,1,2017,16.9,3.3,1.9225641213254072,0.5241783441372075,2.9574400254714037,8.573960595552837,1.4489993406484294
352,Arizona,AZ,3,2017,14.9,3.5,2.0555235538530052,0.5060187325170556,2.903389661113389,13.89264264124065,2.070003753544857
353,Arkansas,AR,4,2017,16.4,3.2,2.232712427322084,0.5554509728138551,3.0815850893516075,15.066235141976389,2.4708625632841277
354,California,CA,5,2017,13.3,3.7,1.1904545033866003,0.45130534329092903,2.508007356073582,23.71114578258351,3.1535823890836077
355,Colorado,CO,6,2017,10.3,2.8,2.1628120571962897,0.3677552195028943,2.699324736697206,14.759320914538597,1.5202100541974755
356,Connecticut,CT,7,2017,9.6,4.0,1.5925628348273317,0.22892023808824175,1.7773221761303355,12.531287048534356,1.203003556659298
357,Delaware,DE,8,2017,13.6,3.1,2.2583069177893926,0.4557791775490347,2.453640851024693,19.420904019927217,2.641242946710102
358,Florida,FL,10,2017,14.0,3.2,1.7726857769565771,0.40844581513692324,2.5149290821195756,9.196039892005802,1.2874455848808124
359,Georgia,GA,11,2017,14.9,3.6,5.099395191684222,0.35789451439099434,2.865403882489796,8.064886917915947,1.2016681507694762
360,Hawaii,HI,12,2017,9.5,2.6,1.8433817071552585,0.2511245140912655,2.8357342390758733,22.06473398253077,2.096149728340423
361,Idaho,ID,13,2017,12.8,2.6,3.0207527403044163,0.22634721126612972,1.6346716422689447,11.319361768395805,1.448878306354663
362,Illinois,IL,14,2017,12.6,4.0,1.4507890058418502,0.4396334311722484,2.015028295239595,15.41171465752969,1.9418760468487408
363,Indiana,IN,15,2017,13.5,3.0,2.4323686854195765,0.39948465608243094,2.420097812011214,15.532158969289023,2.096841460854018
364,Iowa,IA,16,2017,10.7,2.4,1.4858399402110423,0.29380401394216227,2.12808963728096,16.91740951137728,1.8101628177173688
365,Kansas,KS,17,2017,11.9,2.8,1.3306787609414181,0.4135842663331406,2.805118956186196,12.43916860054683,1.480261063465073
366,Kentucky,KY,18,2017,17.2,3.2,2.458394478493882,0.22586241439194588,2.129993073193258,14.909405409703812,2.564417730469055
367,Louisiana,LA,19,2017,19.7,3.8,2.507810687152504,0.5586482134904593,3.376725703127676,12.201752087207186,2.4037451611798155
368,Maine,ME,20,2017,11.1,2.6,0.7202787331269311,0.12115880870245434,1.508528321339835,21.34241100622341,2.3690076216907987
369,Maryland,MD,21,2017,9.3,3.5,1.8235365066349394,0.5025508527079279,2.2327182468141733,23.287419990946265,2.165730059158003
370,Massachusetts,MA,22,2017,10.5,3.0,1.1270204837717313,0.35802850495838867,1.4369975519655196,31.208519262452118,3.2768945225574724
371,Michigan,MI,23,2017,14.2,3.6,2.2937453269019086,0.4494684408500695,1.798014140819006,13.269375338309228,1.8842512980399102
372,Minnesota,MN,24,2017,9.5,2.5,2.2870198233014083,0.2387792096266234,2.195597379195614,26.779404788481518,2.544043454905744
373,Mississippi,MS,25,2017,19.8,3.9,2.0839292709443837,0.2852926709296606,2.7298218844842412,11.419823783677343,2.261125109168114
374,Missouri,MO,26,2017,13.4,2.9,1.6909441008882091,0.530894906716754,2.837110896773528,11.276213049059226,1.5110125485739363
375,Montana,MT,27,2017,12.5,2.2,1.5457486827556197,0.3763484791188828,2.586742576120067,16.493363306925914,2.0616704133657393
376,Nebraska,NE,28,2017,10.8,2.3,1.2869190301271383,0.306532487589688,2.2789252521077046,13.269943928124974,1.4331539442374972
377,Nevada,NV,29,2017,13.0,3.8,1.4181288851744416,0.5611964019051114,2.637188731626096,9.668058535412877,1.2568476096036743
378,New Hampshire,NH,30,2017,7.7,2.6,0.7620100817845961,0.19780736320857184,1.375680518866211,24.66603975737738,1.8992850613180583
379,New Jersey,NJ,31,2017,10.0,3.5,1.980403244197951,0.23188275312938741,1.576564130988321,21.334186781310052,2.1334186781310054
380,New Mexico,NM,32,2017,19.7,3.7,1.3426475139784988,0.7820597155346825,3.934727486203164,14.374092861370455,2.8316962936899794
381,New York,NY,33,2017,14.1,3.5,0.9531729713025889,0.36141167351690995,1.5342601665825062,24.209977960875243,3.413606892483409
382,North Carolina,NC,34,2017,14.7,3.2,1.4841935342385588,0.36387954967519726,2.5465530437418007,9.720701562910442,1.428943129747835
383,North Dakota,ND,35,2017,10.3,2.1,1.5581138419626936,0.2814785771622191,2.1991093355516056,18.915167481650293,1.9482622506099807
384,Ohio,OH,36,2017,14.0,3.2,2.740280586837855,0.2974617591437136,2.4188890747149356,16.955409100126136,2.373757274017659
385,Oklahoma,OK,37,2017,15.8,3.2,2.114843928374112,0.4561831203596964,2.8760343864497284,10.957964589716864,1.7313584051752644
386,Oregon,OR,38,2017,13.2,3.2,1.6318010192556034,0.2817339889589429,2.985839693505083,19.163987761411516,2.5296463845063197
387,Pennsylvania,PA,39,2017,12.5,3.3,2.5332494725069306,0.3137404310928028,1.6517510931062265,20.042981813455665,2.505372726681958
388,Rhode Island,RI,40,2017,11.6,3.7,2.367399753522161,0.23302670429195405,1.7582149017735607,26.075807434753916,3.0247936624314535
389,South Carolina,SC,41,2017,15.4,3.5,1.3910923376669,0.5064856127974049,3.1978974235193185,10.215260058128433,1.5731500489517787
390,South Dakota,SD,42,2017,13.0,2.4,1.7666572732898904,0.43202408611611376,1.8693548165358336,10.529876576632786,1.3688839549622622
391,Tennessee,TN,43,2017,15.0,3.0,1.9392703473097048,0.6522031737722356,2.943716155454948,11.45439593584485,1.7181593903767276
392,Texas,TX,44,2017,14.7,3.3,2.284276357704412,0.43907687337033285,2.563424639868292,9.305690785329755,1.367936545443474
393,Utah,UT,45,2017,9.7,2.4,0.9660055318073731,0.238951939380376,2.780936214343437,12.531494485288974,1.2155549650730302
395,Virginia,VA,47,2017,10.6,2.9,1.56375228542957,0.20832774567095488,1.7942156203983015,12.3949720760597,1.3138670400623282
396,Washington,WA,48,2017,11.0,3.1,1.685660774903204,0.3037437753944911,3.1660452501171306,14.937795521269695,1.6431575073396663
397,West Virginia,WV,49,2017,19.1,3.5,1.1392710197666047,0.3504670325436818,1.8508489799692238,13.634786017523512,2.604244129346991
399,Wyoming,WY,51,2017,11.3,3.4,1.581988931155872,0.237679447118914,1.8316517857913983,12.826906497164142,1.4494404341795482
400,Alabama,AL,1,2018,16.8,3.2,1.949649393347888,0.5196533898181981,2.817286971060509,8.291808382280735,1.3930238082231634
402,Arizona,AZ,3,2018,14.0,3.2,2.013938080390063,0.4758017016986811,2.681941273178184,15.137198278663016,2.1192077590128227
403,Arkansas,AR,4,2018,17.2,2.6,2.2964210497412894,0.5443672246009862,2.916969711266747,13.147216203269952,2.2613211869624315
404,California,CA,5,2018,12.8,3.5,1.1935827226458042,0.4484918346418294,2.386163476239223,26.145298364259947,3.3465981906252735
405,Colorado,CO,6,2018,9.6,2.7,2.2443772420441985,0.39751992826930005,2.673613191532952,18.08968765178538,1.7366100145713965
406,Connecticut,CT,7,2018,10.4,3.6,1.5369086551384283,0.20750268793118895,1.681496953677986,13.253517248419978,1.3783657938356777
407,Delaware,DE,8,2018,12.5,3.5,2.1114907729738297,0.42434895010663104,2.328481510214101,22.529666621438686,2.8162083276798358
408,Florida,FL,10,2018,13.6,3.0,1.742977543717409,0.3858914362838777,2.2877506487970405,9.626355742158077,1.3091843809334986
409,Georgia,GA,11,2018,14.3,3.0,4.97099811808891,0.3268439904326185,2.5757266273248804,8.718000180764747,1.2466740258493592
410,Hawaii,HI,12,2018,8.8,2.4,1.8616873376118281,0.2486285656764464,2.8700690486296923,23.261116692433752,2.0469782689341702
411,Idaho,ID,13,2018,11.8,2.5,3.023183781797118,0.22753031071626062,1.4644657407788242,13.107229994756858,1.5466531393813094
412,Illinois,IL,14,2018,12.1,3.6,1.3413300768984153,0.40469789094158165,1.9355704294977212,16.430395039423114,1.988077799770197
413,Indiana,IN,15,2018,13.1,2.8,2.457063283611209,0.382062750532186,2.1781504793445503,15.928946535329342,2.086691996128144
414,Iowa,IA,16,2018,11.2,2.4,1.5270684090499387,0.25068141006625766,1.6955057742793822,17.753182847658426,1.9883564789377435
415,Kansas,KS,17,2018,12.0,2.5,1.2879150034018478,0.4390389505382194,2.634027613908144,12.634282935678264,1.5161139522813916
416,Kentucky,KY,18,2018,16.9,3.1,2.3436937393324104,0.2122097134978334,1.9657474200055456,15.818803029556705,2.673377711995083
417,Louisiana,LA,19,2018,18.6,3.7,2.4515201649201983,0.5375679497992356,3.2762050694359495,14.028166809841542,2.6092390266305268
418,Maine,ME,20,2018,11.6,2.2,0.7192081096846512,0.11209380930012687,1.357149098208665,21.463586327722705,2.4897760140158334
419,Maryland,MD,21,2018,9.0,3.3,1.7754903314058348,0.4692002819177965,2.0355869857891293,24.018413607485616,2.1616572246737054
420,Massachusetts,MA,22,2018,10.0,3.2,1.0213001094621463,0.3390707192812055,1.266898506168059,34.81298659597669,3.4812986595976687
421,Michigan,MI,23,2018,14.1,3.3,2.207167291238084,0.449896595296989,1.6554367797027105,13.727219324869733,1.935537924806632
422,Minnesota,MN,24,2018,9.6,2.4,2.2716838411112312,0.22062880189588438,1.9955232099038056,29.874472069768338,2.8679493186977605
423,Mississippi,MS,25,2018,19.7,4.0,2.101232016017672,0.23478540902107334,2.407431013545699,11.399726329491624,2.2457460869098496
424,Missouri,MO,26,2018,13.2,2.6,1.6884486624725175,0.5024484519873242,2.6491830679543646,11.985762302222495,1.5821206238933694
425,Montana,MT,27,2018,13.0,2.2,1.528435726202901,0.374670607590521,2.500129635653104,16.106404944068107,2.093832642728854
426,Nebraska,NE,28,2018,11.0,2.4,1.3196549007246519,0.2853115941201092,2.083802880535767,13.222129763191472,1.4544342739510618
427,Nevada,NV,29,2018,12.9,3.5,1.458825545269925,0.5423901701195868,2.443893832904849,10.150427785158787,1.3094051842854835
428,New Hampshire,NH,30,2018,7.6,2.4,0.7427489215960515,0.17355454333876383,1.2512329465483039,25.250774474171266,1.9190588600370162
429,New Jersey,NJ,31,2018,9.5,3.2,1.858792367084045,0.20860846103854086,1.4084587878156993,22.947047988866018,2.179969558942272
430,New Mexico,NM,32,2018,19.5,3.4,1.2655614430529147,0.8576789961108422,3.4240739776207376,15.287040003810976,2.98097280074314
431,New York,NY,33,2018,13.6,3.1,0.9181864478859596,0.35071054278543173,1.4413821850923212,26.95130999528104,3.6653781593582213
432,North Carolina,NC,34,2018,14.0,3.1,1.4480739678613588,0.37768690131545046,2.4945926043298656,10.373288328866531,1.4522603660413145
433,North Dakota,ND,35,2018,10.7,1.9,1.467280431661566,0.28136872097931614,2.04556247361756,19.180329647353076,2.0522952722667793
434,Ohio,OH,36,2018,13.9,3.1,2.7315756430350056,0.28025046544975,2.1795869099746232,17.41566326485178,2.420777193814398
435,Oklahoma,OK,37,2018,15.6,2.6,1.9648581536910872,0.46646963950119724,2.8770872803271885,11.07939904534524,1.7283862510738572
436,Oregon,OR,38,2018,12.6,3.1,1.5436540258887976,0.28613883783536903,2.900079055239669,21.32380704752118,2.6867996879876688
437,Pennsylvania,PA,39,2018,12.2,3.1,2.47129896666037,0.30616544652018035,1.4906426271482631,18.920803478702293,2.30833802440168
438,Rhode Island,RI,40,2018,12.9,3.5,2.2080966694289925,0.2189387188919452,1.6593797334749458,24.012697483192504,3.0976379753318333
439,South Carolina,SC,41,2018,15.3,3.1,1.3303847539998772,0.4882816341591407,3.0176296714734954,10.296001366634503,1.5752882090950788
440,South Dakota,SD,42,2018,13.1,2.0,1.7747368276802726,0.40628293224748435,1.7356361343715359,10.53586066504816,1.380197747121309
441,Tennessee,TN,43,2018,15.3,3.4,1.8822968045222783,0.6235720759149458,2.824710915287617,11.382968362852095,1.7415941595163706
442,Texas,TX,44,2018,14.9,3.1,2.238598704064276,0.41191929795122134,2.373250643253863,9.344423846425292,1.3923191531173684
443,Utah,UT,45,2018,9.0,2.2,0.9674753968219941,0.2336414516972935,2.383218912019787,13.734440374956618,1.2360996337460957
445,Virginia,VA,47,2018,10.7,2.7,1.5602868552556637,0.20034615939282596,1.668982786839544,12.844782333437443,1.3743917096778064
446,Washington,WA,48,2018,10.3,2.7,1.585950699067594,0.3119671541330664,2.9507557880127897,16.505352072998146,1.7000512635188092
447,West Virginia,WV,49,2018,17.8,3.1,1.178324339034003,0.2901970912674286,1.4868444170036874,14.336538017899514,2.5519037671861136
448,Wisconsin,WI,50,2018,11.0,2.1,1.479783867908667,0.2957602757582301,1.5615577763979305,17.473125929827596,1.9220438522810357
449,Wyoming,WY,51,2018,11.1,2.5,1.6876029103446841,0.21225725024714293,1.7854885985308198,13.313501693888846,1.477798688021662
